{
    "loss": [
        2.6371304988861084,
        2.2905592918395996,
        2.191056966781616,
        2.133173704147339,
        2.093069076538086,
        2.0637552738189697,
        2.041698932647705,
        2.0227270126342773,
        2.0095105171203613,
        1.9971365928649902,
        1.98838472366333,
        1.9798476696014404,
        1.9722946882247925,
        1.9655754566192627,
        1.9608573913574219,
        1.95609450340271,
        1.9511985778808594,
        1.9486418962478638,
        1.9222427606582642,
        1.9120190143585205,
        1.9067612886428833,
        1.9027926921844482,
        1.8889797925949097,
        1.883334994316101,
        1.880836844444275,
        1.8770701885223389,
        1.8754854202270508,
        1.8734012842178345,
        1.8707572221755981,
        1.869089961051941
    ],
    "val_loss": [
        2.288336753845215,
        2.170372486114502,
        2.11165452003479,
        2.082104206085205,
        2.0598256587982178,
        2.048290252685547,
        2.043994903564453,
        2.0414528846740723,
        2.02829909324646,
        2.0292818546295166,
        2.027576208114624,
        2.0278968811035156,
        2.023489475250244,
        2.023620843887329,
        2.021578788757324,
        2.021376132965088,
        2.0247812271118164,
        2.023378372192383,
        2.010627269744873,
        2.0074005126953125,
        2.0083250999450684,
        2.0073957443237305,
        2.002901554107666,
        1.999734878540039,
        1.9996333122253418,
        1.9973021745681763,
        1.997092843055725,
        1.9972350597381592,
        1.9963812828063965,
        1.9956858158111572
    ],
    "learning_rate": [
        0.0010000000474974513,
        0.0010000000474974513,
        0.0010000000474974513,
        0.0010000000474974513,
        0.0010000000474974513,
        0.0010000000474974513,
        0.0010000000474974513,
        0.0010000000474974513,
        0.0010000000474974513,
        0.0010000000474974513,
        0.0010000000474974513,
        0.0010000000474974513,
        0.0010000000474974513,
        0.0010000000474974513,
        0.0010000000474974513,
        0.0010000000474974513,
        0.0010000000474974513,
        0.0010000000474974513,
        0.0005000000237487257,
        0.0005000000237487257,
        0.0005000000237487257,
        0.0005000000237487257,
        0.0002500000118743628,
        0.0002500000118743628,
        0.0002500000118743628,
        0.0002500000118743628,
        0.0002500000118743628,
        0.0002500000118743628,
        0.0002500000118743628,
        0.0002500000118743628
    ]
}